Sample No	Time(ms)	column_1	column_2	column_3	column_4	column_5	column_6	column_7	column_8	column_9
1	0	25.79100853	27.26346181	43.45145679	69.82618161	32.16514259	52.13944581	41.77392282	104.3678462	71.42665845
2	0.0005	23.50202853	78.11764109	20.60439086	83.86468082	93.47825922	15.61806292	63.61631317	46.59096589	96.54772774
3	0.001	45.57332546	40.34029	83.81343136	70.6313224	89.20036503	70.89837085	17.93822456	10.24900636	46.78187627
4	0.0015	80.60419178	23.31576115	94.96363429	38.17501722	46.05970515	32.98172741	53.77188005	40.85839323	64.91058479
5	0.002	63.36541852	44.78012316	83.87812149	70.00715643	97.11361068	20.28117542	91.83467761	78.10970981	35.57795279
6	0.0025	10.98661711	75.47526822	85.58882259	50.66763168	95.8136787	52.21133492	49.57018901	91.47933239	54.76672235
7	0.003	53.99039409	103.968943	52.0818304	30.72245192	31.5376361	58.67930943	77.11782024	21.70479721	66.02629376
8	0.0035	60.27867723	64.21134371	97.00106478	26.80206803	70.1867379	96.92563082	47.71177528	16.91176348	87.36300769
9	0.004	83.42465875	48.19473562	90.41109834	92.36473605	89.67804478	72.11730186	32.15045665	100.9862786	46.11045378
10	0.0045	47.65617483	90.54564623	41.20650147	15.07859395	78.21529433	67.15556308	18.0193235	82.67356278	66.99965545
11	0.005	109.5716196	103.6885265	86.02331128	70.70406005	80.96461216	12.9080865	37.03264731	109.1841406	35.06730463
12	0.0055	73.73327428	96.9236764	20.00117587	81.87474379	58.7165991	62.5426252	17.50242373	43.75764736	28.88735513
13	0.006	108.5650866	96.96188987	87.55866578	78.64631254	45.10705899	12.84501241	90.49906242	20.64071476	37.89894327
14	0.0065	61.88891098	14.55576215	34.55221909	105.0086301	95.97949184	20.18356116	100.0626435	106.3903851	40.78867386
15	0.007	45.77691254	32.52922828	40.21455598	39.09090194	87.99797853	30.80068094	26.94570962	47.49454823	96.31271252
16	0.0075	51.04436666	33.67138489	12.93841849	94.54874562	55.77766503	96.74528304	96.4002455	39.30646971	32.54089157
17	0.008	80.51310004	38.41436881	64.82825377	15.23928432	11.17731317	38.28126054	73.90501343	40.35493249	49.60396258
18	0.0085	51.79946003	86.30884749	78.36103242	107.2260663	55.16673086	19.3635689	88.16802434	94.57793459	68.25272613
19	0.009	17.78470283	69.49983717	105.3365135	107.2638698	102.1331297	19.61396473	89.48236373	60.27605915	67.47864143
20	0.0095	51.68796179	65.25393449	37.80778886	68.0188568	51.99993033	51.64053408	12.8977884	101.8955495	60.15201358
21	0.01	59.97753678	15.17282699	74.04268187	68.94194938	17.72824579	11.09926295	16.47659603	66.86684463	14.27918732
22	0.0105	29.18549891	28.34973331	81.55819129	27.26582182	26.36714695	55.52666848	66.10771385	20.04567893	87.70000061
23	0.011	65.18003649	18.80211645	17.02002335	67.00568865	74.49629361	83.12187	26.88973946	59.91672787	80.52140726
24	0.0115	100.0110869	71.87193934	29.88336006	25.44545026	91.08934095	76.38848528	104.3860598	73.6586816	106.7423849
25	0.012	84.81364888	53.47012872	67.55040061	43.6792444	44.21047587	95.7238037	105.0619288	27.61500299	71.23610913
26	0.0125	54.04840033	85.24062197	75.05314752	90.85239603	50.12578108	81.33702241	58.17193556	65.36702511	26.43108391
27	0.013	85.60446766	99.1704634	62.01175229	70.62191646	18.29615886	101.4866962	56.19514196	104.6557626	73.5394648
28	0.0135	68.54661647	95.39376319	81.40327635	69.55072657	80.42577117	23.02522171	70.72209367	15.76509601	39.11084367
29	0.014	57.88422737	17.34178119	82.96674713	107.3525588	57.19474794	53.82558309	36.94219695	77.49057644	16.00828309
30	0.0145	87.17624566	47.1701751	62.87592806	13.49648632	81.69223329	27.33564322	24.47515476	29.41913096	34.99961977
31	0.015	84.25109576	65.31787142	25.21935784	48.2371886	67.2143648	85.78398719	34.96590511	25.97746407	85.52918091
32	0.0155	104.5901332	67.03700955	25.00026019	104.642015	38.17299095	35.65522566	26.45521784	92.50425847	87.20200746
33	0.016	107.5818608	84.00779487	40.38985334	36.52239549	18.65870245	102.6498748	81.69995566	58.88948177	88.37901685
34	0.0165	10.07068449	85.37659079	51.89242723	55.41122157	86.29547435	35.42529082	46.97215128	18.20624815	88.36523066
35	0.017	73.35323128	99.68402024	55.65724582	10.14851615	10.68725521	12.88915586	15.60548723	76.25696053	18.70923235
36	0.0175	71.81248975	38.71687032	109.7613839	77.87116946	14.96040395	107.9055866	15.13259838	72.66659924	72.40480981
37	0.018	57.20331741	29.0636075	105.9169371	13.39104102	69.903481	22.19951525	19.19370568	45.08550996	24.09081939
38	0.0185	27.02672083	64.40991542	96.15807916	31.04906119	105.5599285	27.3912352	61.69420742	27.21731722	60.15672198
39	0.019	100.4596823	92.11132295	99.91781651	65.59455462	10.30537585	46.97432784	98.02224983	12.54047414	13.6239796
40	0.0195	38.15051954	37.52136285	35.16525631	73.49456089	12.15127636	78.19002933	66.35232943	94.91627876	65.33617285
41	0.02	57.08500745	42.44334981	45.01345971	66.20569968	101.7923041	99.00696113	16.87567422	79.08381786	45.48422921
42	0.0205	76.35029893	52.54293612	88.64768091	96.54625553	22.4173325	50.81144931	70.86855517	59.09086931	107.3938129
43	0.021	98.67806397	95.09297429	91.76491497	44.71831378	71.40011337	37.4956232	105.8793793	69.09598737	41.47941886
44	0.0215	76.94253388	108.6201789	77.82904823	51.0915402	10.2227665	63.04915729	33.88628271	67.00070842	103.3590408
45	0.022	75.69394952	85.55218527	27.52826415	48.19349303	99.44967267	62.95110486	16.15308027	71.95397147	105.3260691
46	0.0225	72.43145452	42.08267741	64.97427863	60.12462766	98.8876808	29.9452586	42.30287503	82.63220418	84.6691499
47	0.023	25.50685773	82.48646999	77.04702994	88.01299391	38.03577187	109.3593003	87.54392231	73.49779844	89.09741242
48	0.0235	11.79470001	64.87953607	54.37911683	77.53113957	52.15869657	103.0491354	86.34720257	79.92112194	52.62177845
49	0.024	70.16549542	35.75645638	55.0770223	73.27010908	95.46947169	59.95896274	52.91319242	95.74401299	69.54066409
50	0.0245	11.37292742	55.72076751	33.13227321	32.57598126	26.86706802	65.2978548	44.94881269	86.52172172	50.90979115
51	0.025	29.37537329	66.23389455	50.81671308	54.75739817	60.23999411	51.76375909	36.32628859	68.39314365	80.34685645
52	0.0255	25.18383354	32.00303765	21.16456981	74.1200242	44.7430598	56.35512877	42.61607945	98.12217001	80.54786753
53	0.026	89.31679537	55.98397754	79.21296374	14.86650621	15.87771717	60.00821799	37.93285436	14.24783469	43.37265708
54	0.0265	59.17453331	107.2515425	18.48930146	17.76059816	94.34310614	25.4382291	47.95150332	71.06488508	69.39691719
55	0.027	92.51460504	11.30033183	108.0470224	28.45644133	93.18097214	37.24780539	80.49750625	35.02898491	87.09586777
56	0.0275	74.50100371	89.91063438	67.44232166	40.8000351	25.8029929	75.66977051	36.81037505	109.4869389	71.04305891
57	0.028	11.3259567	57.04948979	59.64710575	95.94357273	17.08252414	83.44206669	78.44602526	100.1393368	58.60949137
58	0.0285	32.90707023	10.30861824	50.39188673	45.99356672	78.62394159	64.48169445	34.61112607	105.7320042	41.53474534
59	0.029	108.6913462	67.88024784	90.70765888	63.50967154	21.36355557	64.7200662	53.40359196	88.76659851	68.90156218
60	0.0295	47.76502944	69.70201199	58.50854852	97.43106911	32.82277636	19.70214146	22.95137219	63.63741193	59.2483099
61	0.03	77.55616136	78.60118212	77.10922235	95.08006116	44.8465297	20.95620264	109.8451865	16.41452933	75.44882854
62	0.0305	67.70577991	40.46202038	10.71337418	104.0929104	57.64451686	12.9745693	53.00518976	46.84676877	54.28861053
63	0.031	45.40605318	51.87584897	32.59831745	14.76388748	10.18717169	33.1964948	109.8360137	65.06813069	68.02808264
64	0.0315	55.31508684	15.72862867	104.1410976	50.30594478	70.5656838	22.65322725	74.67355242	76.41043979	90.97983833
65	0.032	104.6482523	65.77223331	60.50277108	58.0464473	100.2672983	44.32252899	106.9380846	53.1123198	71.483128
66	0.0325	19.48576903	78.33493111	37.89717704	102.0383073	65.38881267	103.504457	34.87021021	108.4836355	64.12684726
67	0.033	80.31533164	50.81688695	17.580687	89.46876343	44.78412539	108.6926919	47.59856996	59.50308675	12.66248549
68	0.0335	100.9330385	95.33793098	98.17578019	88.53072233	72.53814455	86.46003951	87.07090983	36.56675572	47.82097419
69	0.034	70.59688866	80.36057968	39.96798008	75.80698382	63.63969918	77.10960318	95.80242053	64.78303265	33.06010098
70	0.0345	42.58599495	14.13202982	24.89876185	97.16872818	16.91928306	37.32059249	12.58554262	66.21355611	28.68883079
71	0.035	109.6021803	88.50690603	11.7861053	82.10757643	44.20170095	78.47171583	18.73941182	105.5169454	20.26671154
72	0.0355	46.01675714	63.0507652	100.7637814	20.04061673	86.7499819	12.54732533	108.2026285	86.63795555	91.83943639
73	0.036	85.01273139	68.48974354	41.32124498	21.15519028	18.85043165	33.27167393	35.35664842	73.94279298	65.83627671
74	0.0365	11.03548177	56.53698886	79.246224	31.45162342	72.64141216	46.39374641	73.20073712	30.23855606	86.39460742
75	0.037	36.71102332	77.85462378	108.543127	98.99706515	70.96373359	75.96157188	103.4511094	45.55095755	58.71732319
76	0.0375	80.53570533	70.16808709	109.8758666	98.39348258	108.450757	105.7419532	68.55348383	84.43582546	32.85717444
77	0.038	23.45740432	44.74413848	70.58026547	28.99116139	10.2696954	27.87602254	63.12185429	85.55110853	84.73951425
78	0.0385	35.68557395	93.5272391	15.29247499	16.32141159	39.91035412	33.96095929	99.74709464	44.28407476	87.22047539
79	0.039	12.03320032	83.11926903	34.16798869	63.3870755	107.5390735	77.86869344	96.02565533	18.9032751	28.85539029
80	0.0395	47.515963	47.08531249	30.50163732	41.58850565	21.96026653	25.48266311	91.47724572	77.02689275	14.56567256
81	0.04	101.7373837	104.9615739	48.25442515	63.40286459	69.65903507	40.33848153	73.74381288	93.60716636	85.02692497
82	0.0405	52.60887301	95.69253402	36.53176376	22.46449037	28.19955147	13.18032951	48.72561976	72.25290342	86.06073701
83	0.041	29.82675517	52.43991617	60.76523668	91.5553433	101.3643327	33.14896992	32.71494411	48.23661332	94.82112833
84	0.0415	92.65912608	46.33932996	47.1254609	96.23995886	75.12328893	29.79761058	48.64326272	75.63283593	52.14474134
85	0.042	22.63175376	31.41515797	29.89975135	43.96270924	29.82581844	29.70965099	61.16625516	37.91122918	105.5481154
86	0.0425	46.68980828	14.13617255	17.74053547	43.10114671	54.26097753	94.18009287	12.64990634	69.7515807	38.33514817
87	0.043	15.66762445	83.21686671	81.47326133	17.47041517	20.49029876	69.08758426	61.36307302	61.17196262	52.04960591
88	0.0435	25.20951423	97.18007438	54.32455763	79.24536675	81.60654704	24.42074852	45.57546597	77.90516142	85.58038547
89	0.044	38.25702111	91.15613235	74.12824442	44.49663338	69.22313931	11.30362422	82.37765608	33.48406057	38.31387792
90	0.0445	92.65344682	27.83410046	68.90733548	98.20651283	33.08883776	49.20093797	34.99199421	53.93573922	107.6891619
91	0.045	93.47674078	21.43327881	51.17889423	89.67574991	41.99662991	53.327708	35.71804151	72.63247098	52.8674452
92	0.0455	87.43027754	43.30820423	13.64909876	93.12492077	11.8012912	95.20848381	58.4432535	73.18777894	75.44456082
93	0.046	27.71938888	45.44089429	86.64707604	13.31089068	22.86324867	28.92593484	82.43749988	97.72918233	52.36390634
94	0.0465	38.64441773	10.07874571	78.2813578	80.5243924	22.71253458	96.21934921	51.07553911	102.910898	40.27911952
95	0.047	24.72024179	104.7597724	34.50555092	105.7789759	34.5848008	106.1147965	26.16188451	17.34459306	10.51889076
96	0.0475	64.16608735	79.12712637	85.57757844	45.06724811	87.25278394	62.18864868	29.51832054	107.3514603	22.59949747
97	0.048	88.45746743	54.13623727	47.78774591	69.52950786	14.9020802	51.36703659	12.32081058	74.79596872	37.28449472
98	0.0485	23.70987341	101.725248	54.99310371	32.87868717	95.13421415	15.82283872	14.81027489	15.34159253	54.30792545
99	0.049	83.37418329	74.5198572	73.09265055	78.95387979	34.4382328	89.98472302	35.28818903	88.22429598	22.66790109
100	0.0495	11.01566168	32.56272094	19.46063571	50.33452574	46.90149215	31.6185524	22.88912512	64.66230706	67.33551215
101	0.05	72.96045841	98.62714547	55.91371412	85.60693265	14.22739447	38.76224202	50.4234319	54.22452306	35.85938274
102	0.0505	98.79594282	53.50519241	83.77719986	70.58582033	18.7921124	44.39408691	41.04441109	95.28524526	57.96564628
103	0.051	58.31872375	19.53867789	100.4497283	45.00141686	14.59602355	34.43049468	61.94694295	23.13577271	23.55260321
104	0.0515	95.24329785	69.8195856	23.35040055	50.1615719	13.26015313	96.81450302	102.4442476	64.3117195	55.83410962
105	0.052	27.27719719	43.48590785	17.60111096	12.6829032	65.11786985	91.02757139	96.99444573	81.00230563	29.75656752
106	0.0525	94.79634234	11.86971577	65.85202999	68.28237378	78.2858649	48.36304595	10.90247089	83.50257842	47.04838389
107	0.053	78.22823726	10.12687437	17.74793309	102.8662762	19.08482371	93.01857089	20.44039956	39.52136213	21.77177872
108	0.0535	67.42049133	33.94628178	63.15362519	36.51499704	24.67914944	109.2979836	51.92038671	67.46453051	57.32648264
109	0.054	104.2166317	11.68009339	76.07276898	31.10679699	91.64450928	64.10386333	26.38584015	51.43843606	32.99046278
110	0.0545	86.94576747	74.70611964	97.94324003	28.69928936	94.59205157	106.0064285	39.97548322	25.38695233	24.44973342
111	0.055	98.49834714	62.63701212	32.21654329	39.49817618	31.22042027	41.42391633	79.58668501	63.58090731	93.92445237
112	0.0555	81.7554198	100.5271512	109.9724259	96.6816881	60.97444817	67.04040702	82.80574134	35.33306282	66.46819991
113	0.056	72.9817487	79.27943966	52.09479627	10.09225149	46.3986254	20.01275603	80.46990867	40.89200541	100.8430403
114	0.0565	16.70786362	48.84825058	58.90612662	84.71337557	17.66952918	12.53718689	23.63024611	24.47349029	13.27832859
115	0.057	70.89720869	52.40282378	64.81315888	14.28055624	59.12567182	27.29884528	54.03985113	74.94338675	69.24481932
116	0.0575	58.37267161	31.26651542	41.74020941	49.60683631	74.29234894	36.50231509	79.83838089	69.47659261	15.21503353
117	0.058	89.75114069	94.9530654	20.50224124	100.4267991	106.1631871	51.0024821	63.22522246	100.0413916	88.10804248
118	0.0585	56.21691541	57.15848308	20.6781999	62.38820487	16.7843486	88.59842275	31.93896257	51.19601814	60.22247658
119	0.059	62.19256931	101.1061545	70.25266496	70.16970952	84.5036374	91.28448802	102.3980227	15.43696793	55.88718215
120	0.0595	76.44112575	13.29428977	50.38749011	63.80360202	31.20509315	74.07944464	11.98744771	76.65461062	15.50897431
121	0.06	101.8006418	68.92246292	71.66983981	43.63021189	65.7643668	82.24157799	26.03262132	70.54654313	52.10093515
122	0.0605	67.23869966	51.0484639	53.7159777	71.87587543	103.5555723	65.52368338	53.2428791	28.41421252	109.7178031
123	0.061	66.9216841	97.68084259	76.12969902	38.11100144	64.4993705	21.76885127	60.119211	30.66680102	67.59157495
124	0.0615	23.89421026	27.22711815	46.12642211	38.07301994	36.6187759	40.65117189	62.35234749	76.05270735	13.32730116
125	0.062	78.15053203	72.85383417	73.51845465	79.06061283	12.94405301	75.96534672	42.10066856	87.37688953	64.97140749
126	0.0625	36.03342745	66.2797257	36.68600177	35.04121272	61.5727152	50.90378695	67.33465577	109.7094958	85.90692984
127	0.063	10.35815146	47.6585448	38.00291247	85.3591066	83.16023502	24.25962806	106.6672923	70.33234679	86.31008603
128	0.0635	59.18434281	75.05146959	92.86098642	102.6560054	107.9638602	69.70729422	50.30004351	25.19998318	31.14749217
129	0.064	95.05223812	55.62003343	107.7843595	50.91146529	15.26705284	98.32573804	14.40965158	80.0468934	108.4199158
130	0.0645	46.85962591	66.51738138	18.90262383	38.35951506	24.1025773	79.81028414	46.70699734	22.15369193	80.3194925
131	0.065	54.44616526	75.80080136	96.47112508	91.25084747	67.64380798	27.27108979	85.76275723	29.39899276	13.99307769
132	0.0655	53.12577046	17.93859308	72.58338874	46.32854456	107.758096	20.49178091	25.07466731	48.08246651	72.38132072
133	0.066	38.48538494	101.8966736	82.89208153	12.89938977	94.07013907	60.14582582	16.22544985	53.06302101	57.61508992
134	0.0665	29.24227691	104.666658	43.44006374	58.43960285	108.8204995	69.34538007	51.1879017	46.886348	71.3771455
135	0.067	109.9077158	63.18973118	58.15088278	36.0515667	25.09574817	66.10960045	85.89300188	44.35362153	56.74083116
136	0.0675	28.55486956	107.2656492	79.44427258	86.71648449	74.64678988	37.65890731	32.00893926	75.7263207	17.44514542
137	0.068	37.34101193	97.51298922	89.43169636	91.75863001	60.04517356	20.0519264	91.13454457	10.87087086	34.03478398
138	0.0685	94.20889841	32.27131086	47.14803535	10.85035077	34.87117531	66.75652837	46.62059973	42.83746051	65.56854187
139	0.069	53.63389697	56.11624445	40.03712448	28.15441954	14.82717528	102.607593	69.11804478	42.34576034	71.40600723
140	0.0695	18.52538159	87.9603	31.88118226	81.31260001	41.55571393	80.00859961	14.81842496	65.69692137	12.95240172
141	0.07	56.22788998	83.72514887	15.61123193	57.74366665	16.89119616	95.43953616	108.4420653	84.4257323	106.2516568
142	0.0705	105.7134829	107.6168356	19.20935531	20.8342693	77.91711381	29.90340185	41.12791024	93.56180586	90.52791045
143	0.071	32.35689297	43.87499866	104.8159841	51.26589561	60.96543341	85.89121192	80.81266507	76.70304136	45.59732672
144	0.0715	96.12304827	85.59094727	80.25604316	102.3366351	46.24449735	35.39152301	80.39343757	16.90021371	24.00788548
145	0.072	58.25397156	51.35476337	10.39582132	103.0035438	68.6377073	65.72559503	30.43671482	81.80954048	45.18862434
146	0.0725	58.92814839	11.86340843	71.02700042	44.35020186	83.72854785	83.34492516	101.7385133	21.90361166	10.34953656
147	0.073	25.24503819	47.87188752	75.25424222	65.9365227	22.30065217	99.13665477	63.88778238	85.02965015	73.58746923
148	0.0735	72.53762323	81.44558666	22.42999238	106.512274	46.62944212	71.30432413	103.1888077	40.27992379	86.07859586
149	0.074	78.81853653	37.17888367	90.64755204	76.16595062	61.39279318	23.73218202	67.39099992	52.16845247	88.87357329
150	0.0745	20.62168506	108.7920474	85.77456625	12.35536932	107.7250787	79.11571091	43.73352139	91.91720096	56.13685477
151	0.075	79.03586673	47.73778984	51.07969711	18.43443821	51.0491721	32.12118911	57.47808314	102.5809555	39.84870972
152	0.0755	60.40802553	36.35241353	26.66744268	52.45972771	93.39626533	103.1510734	82.14715662	50.53195374	40.15675432
153	0.076	73.01318277	28.76858124	11.9433671	34.46028021	45.18707081	86.4875887	62.46828554	24.00504318	85.86372983
154	0.0765	69.3340197	95.70331362	62.81899746	67.83465121	62.78305121	84.07647634	98.57453892	90.64769259	57.41098495
155	0.077	19.92979944	29.63742538	73.0709806	48.70067672	99.29901574	94.42923763	96.26353609	79.09236649	44.27718421
156	0.0775	61.02058906	19.11479554	37.41190037	83.25244504	70.64493519	106.0090427	85.48652959	98.68689607	15.1883587
157	0.078	70.01728817	94.57616592	51.09200212	25.63298125	97.73949854	97.05881627	52.488081	78.34614349	78.75758513
158	0.0785	29.48572559	33.14821972	24.46100281	61.94626341	49.09096666	50.24197863	71.43492549	31.2053281	60.26399369
159	0.079	39.35888177	69.73300701	24.83080041	53.72301955	95.85922317	12.46907025	73.55497809	45.53803675	89.70557667
160	0.0795	73.73822661	46.74558872	33.12007338	97.37294762	30.07750181	39.54194799	103.6236548	106.6230217	29.13507572
161	0.08	82.75729045	89.86579718	46.76713099	34.21324	11.28901631	84.09365241	67.764619	94.07817543	42.45544816
162	0.0805	21.29186432	53.04460738	54.03709755	74.20486943	95.01276789	18.01421629	92.8839315	16.85935351	71.57520803
163	0.081	16.16291203	67.30000813	101.2451001	16.4024946	45.66545041	98.37346149	72.08158329	99.42952789	51.18312216
164	0.0815	11.55705793	58.72837369	65.42596516	12.27413512	105.1663005	69.27932852	108.3098862	109.6176711	49.51693695
165	0.082	73.97986969	95.29164605	103.1179288	44.2484888	102.6480678	24.79501287	65.91793117	77.20681427	97.68099691
166	0.0825	65.39071165	89.29576809	60.91929414	46.3168773	97.19077426	37.35212079	82.22272127	26.94260417	77.34868319
167	0.083	46.75271341	52.52845682	15.32726511	72.35228239	34.21569035	78.86496152	35.65167561	21.22829118	49.33887718
168	0.0835	72.86860406	107.364822	44.48415548	61.83787657	48.89116281	56.38890249	85.77232882	34.21213759	36.12856668
169	0.084	29.46486503	21.52854923	39.46705199	37.09143399	10.80562044	11.02854051	105.8369036	67.43106316	25.24185134
170	0.0845	82.91365796	57.63045079	30.03565306	74.74228141	98.47398156	85.420567	91.8633795	23.25879106	60.66620235
171	0.085	46.26826323	42.7351299	44.81300255	55.78625655	31.35260644	13.79149307	43.14303486	20.0775269	89.14877121
172	0.0855	81.02529624	61.84003241	29.51777364	72.52050349	81.86412183	50.69505439	57.9277124	18.81427139	68.83118928
173	0.086	70.9872781	68.20051326	71.81345565	89.32985978	22.68318481	62.73892674	74.62585335	70.00418347	14.50742257
174	0.0865	76.7624558	58.84235524	65.59305725	34.1161382	32.47070296	71.50924285	95.72074818	45.45463411	21.29150822
175	0.087	67.8849644	83.02838295	74.33533692	49.54396146	11.42681433	94.43434219	76.28231126	75.44930743	31.38471091
176	0.0875	61.94905862	95.83729466	73.02552992	81.32594287	50.54430419	62.75640042	101.8066026	55.21692987	101.7398511
177	0.088	42.25862717	48.67013806	72.42646801	47.85692445	10.4649393	77.21874053	10.18552856	83.87827152	80.72673482
178	0.0885	36.00590982	38.85186271	51.60157245	20.79202558	28.93111752	99.52436455	42.60942232	50.65508027	70.13545494
179	0.089	76.06864126	46.16056229	85.08734027	24.28131786	89.56139055	38.29717486	73.47281987	88.45160368	80.88669356
180	0.0895	107.9069767	10.30700404	10.79217341	45.85743383	32.19973507	61.09741243	85.80793958	43.94123643	34.45050299
181	0.09	38.73253306	21.24350113	52.27501325	36.28890863	72.68840191	76.74706643	37.63413907	24.14430234	46.56037094
182	0.0905	56.48456018	37.52795707	54.00685455	17.54454718	79.2710668	27.00654181	109.1454361	87.75661381	71.45392061
183	0.091	104.3812856	47.75056175	74.95604425	60.27698942	32.76760937	46.52574695	18.27110724	36.61380753	57.24706212
184	0.0915	37.7284874	43.53583679	27.70492149	31.22520978	64.16640202	58.88303053	70.7194579	68.65101983	59.30751593
185	0.092	105.2841627	98.77042597	37.56803869	29.28534793	48.23273205	55.95456571	109.329934	17.66878807	105.5287019
186	0.0925	34.76342557	84.31623401	85.94035026	67.14950127	67.23994923	60.23172571	47.25531411	46.01868585	13.80372126
187	0.093	100.6803953	21.99180833	50.69232152	17.31970977	21.88480011	21.78361604	107.9210971	15.64493876	59.59308857
188	0.0935	38.60727121	19.06881393	19.69716181	84.03441651	44.81498219	39.11523713	24.16855432	86.8348392	33.60054375
189	0.094	38.27144736	38.37920501	21.27793759	37.17280304	106.5351521	99.56464991	73.42575065	59.92453591	32.30306095
190	0.0945	62.07664341	37.92233039	12.13740254	106.2193158	64.42474782	19.9270175	71.7400729	49.47570563	65.66274524
191	0.095	22.14804199	34.01686972	89.30488178	82.90966748	31.42407098	53.4261906	34.62700864	42.680312	54.96752921
192	0.0955	30.022089	71.3334336	84.23924517	53.22752735	93.71277415	72.02691084	44.68972599	96.87068705	13.61575637
193	0.096	15.61538529	84.45020008	69.35773153	24.13351656	16.15448328	85.38960215	98.51389866	46.4840782	56.90753067
194	0.0965	71.63667804	67.36887215	65.8344622	29.20303329	84.55735378	79.16257819	25.59223222	43.52333632	105.4032753
195	0.097	27.83609212	82.55899365	67.62046076	52.61351026	90.0962148	31.87422345	57.16848718	61.37918184	104.827869
196	0.0975	96.76826804	90.43022296	99.73478083	70.01743983	14.20939462	43.1361958	71.06554308	65.5784656	65.01335568
197	0.098	74.85983654	96.25490949	49.92520276	46.92449161	65.84182345	34.26661945	48.36888777	10.95200207	15.70876264
198	0.0985	91.00227932	71.85232856	34.74524361	51.13377782	108.7292949	108.4865505	58.90108722	103.6928328	76.68023082
199	0.099	90.33768105	20.46748364	106.6637642	107.6915814	95.33682241	90.16623729	98.33308902	79.63642265	49.40598247
200	0.0995	83.28918382	87.68556954	43.23966941	90.50450723	21.98784885	41.51780702	66.66450972	15.39479649	35.51868828
201	0.1	56.88244872	64.59103562	16.84288192	22.76458191	92.17638514	40.50467066	102.1085065	14.74039952	59.10452738
202	0.1005	97.47382188	44.74206818	105.991953	50.87235445	59.78716159	74.54394344	41.64430641	66.94168235	109.9823298
203	0.101	25.8410393	35.69950119	85.74744216	22.63980187	81.14072438	49.1749037	100.3224189	25.8383149	105.1078025
204	0.1015	13.86388911	51.4099599	29.23478297	29.42935177	11.1201453	69.27042734	41.50334701	35.02226571	73.81266676
205	0.102	99.73186016	97.97887179	103.2655914	50.93196856	14.87859118	51.49380433	72.10498661	92.62472931	106.4449194
206	0.1025	94.96921756	17.84671255	105.587348	59.34439634	78.13406616	71.63573858	91.91800741	19.4108865	49.97486243
207	0.103	72.89218539	55.10031183	69.63320035	33.90604361	46.2137689	20.79081547	22.52980882	89.26477891	98.37089369
208	0.1035	76.94369397	72.18370347	15.24594887	100.8238799	70.61557243	54.40632035	89.1273095	62.90437352	74.86703198
209	0.104	45.2049491	96.78606606	77.61462855	10.5417059	80.80682656	13.96173605	53.11260547	91.88260119	44.796317
210	0.1045	33.3934905	107.2351295	18.07646904	43.49754135	23.15347684	83.72354903	33.97388104	41.34066866	100.9090802
211	0.105	67.23688692	35.08875139	70.83836599	10.09876402	78.77656799	29.78236128	55.23115401	29.70934674	77.53412085
212	0.1055	46.68568545	62.40271607	62.92919094	98.06347549	36.44108541	10.63953896	63.2546943	29.76189482	95.1373168
213	0.106	72.24323564	37.84385081	41.46382822	95.02747672	100.6624978	13.94467379	102.5860802	15.14589679	22.09660303
214	0.1065	13.53309513	96.2413262	107.5155573	11.42207028	47.61250944	101.7763676	38.1474523	109.5680039	51.45267764
215	0.107	78.24087626	25.24787384	56.2943689	52.90483427	56.36347243	89.13286303	107.2025743	17.5698483	58.32447082
216	0.1075	66.20032759	27.01080584	79.94702875	11.51125449	99.13646614	38.18973448	55.03253622	99.93019045	56.50281844
217	0.108	74.07484168	68.96406072	93.32461863	25.03834383	29.64969792	24.07591725	44.85818729	43.84438984	53.71093986
218	0.1085	44.03326885	69.66565747	92.09272756	82.7846413	52.09975844	69.96319362	25.8093884	12.7406926	102.0637776
219	0.109	47.0453701	101.0587485	92.50282612	96.52343003	53.13734754	70.36924178	81.34547329	88.12129092	66.28155144
220	0.1095	93.02305422	43.53656861	93.81716057	18.26754003	46.25416883	16.58334751	91.68730228	97.60488937	11.06821445
221	0.11	81.75356855	15.99796173	105.4393443	103.0173802	77.33568737	70.94252325	52.97664979	41.20757369	88.91014673
222	0.1105	96.29814833	90.72283912	63.10443318	92.59308718	15.05526549	38.09843309	25.00119689	106.3695709	85.8403543
223	0.111	99.89702156	96.06072559	53.52161229	53.36268164	69.95618653	84.24195002	65.18971548	98.62042527	36.34978546
224	0.1115	59.23853154	31.20293783	38.69221333	17.39691847	42.95308014	107.6310456	12.14389382	69.31693624	89.76806941
225	0.112	11.46307027	12.86047883	108.7607094	70.59232546	63.16094685	108.0527944	14.86195968	66.76273762	76.33670681
226	0.1125	51.43978599	40.51746978	51.89479547	58.94433239	46.35203379	14.29885733	49.09907261	50.10016197	64.00704598
227	0.113	28.38158591	17.28268807	18.2887542	105.1445743	51.0224031	47.09313127	86.22473144	26.23115471	74.45108214
228	0.1135	79.25888837	16.69190319	68.72578608	22.99254079	101.3746121	18.20958186	50.06995087	45.39074483	27.03579052
229	0.114	38.16160727	98.70450389	60.67772101	100.1766151	49.23973684	12.89153567	99.78189833	27.36207072	17.85913862
230	0.1145	16.43074601	83.86586872	103.6898156	65.66319845	63.44974466	34.36895224	20.79859831	101.8486034	19.57770071
231	0.115	47.77135153	80.50920487	63.17583731	39.77169193	45.45943407	75.12628345	18.96510073	59.76216646	79.74894576
232	0.1155	33.54657569	94.16922109	30.33180451	105.3021205	91.20075968	103.5966668	58.74615386	59.16031099	18.24168642
233	0.116	62.53891901	40.31645444	13.79041059	35.29774649	93.61738853	55.81081561	30.56977575	80.74181155	31.51986027
234	0.1165	59.8259802	99.55464501	97.39526	49.54876256	25.03005783	18.97648925	32.02452388	13.68338797	50.1366564
235	0.117	107.2670173	25.65751317	37.19966209	71.52051129	59.91667581	54.41210935	31.28374653	31.53052958	91.10080115
236	0.1175	58.15857213	84.8492145	81.73082059	30.24978553	33.14646978	44.86973395	68.12807759	20.93830046	37.37126523
237	0.118	96.07187502	108.8075281	109.0393862	41.68816487	53.30128828	64.15433877	76.07755056	93.34281314	58.40266025
238	0.1185	48.99166383	26.95341244	19.18246572	49.73433063	14.83842469	38.64152489	82.98089174	92.21162479	44.56154642
239	0.119	82.62392565	57.59369279	27.47692595	17.69108506	16.39465612	44.64722012	12.04359851	29.56021297	26.39319108
240	0.1195	92.63754177	83.51385214	79.24282009	98.73707125	32.95920864	83.47679064	47.2523842	82.19671504	72.34720092
241	0.12	21.91809306	21.96602329	108.2861257	88.17441492	90.34985984	40.68047673	72.77462567	89.9889755	81.56232872
242	0.1205	38.87765559	52.75037608	58.06736801	51.25019591	37.92155303	81.01087246	47.70721416	101.5209859	58.61348272
243	0.121	34.96779569	81.57318885	109.1887519	20.57975324	17.12525604	66.75863392	55.69461684	48.65708859	45.1803404
244	0.1215	76.34064429	47.86009108	49.22245666	65.23447632	40.62086106	89.17386435	75.42337882	96.78525057	70.71055826
245	0.122	51.02420473	66.26919856	92.50912378	78.54503363	18.51333408	21.41239898	95.69688836	15.96600186	56.98660865
246	0.1225	78.9751034	44.97898556	81.7341706	76.11974213	23.68494882	54.08417062	52.99688331	89.55924158	60.33842908
247	0.123	83.4882833	71.78969278	108.0706505	50.53847841	63.18299538	80.46060087	12.7389728	38.71821095	58.97314613
248	0.1235	108.9457721	70.68591968	92.52310923	64.8067508	31.93056969	101.6359679	32.60325311	65.89072961	66.66714483
249	0.124	53.62653198	70.43312691	48.1636835	32.32884475	90.88912976	72.19543571	51.12402348	32.61126646	94.78723452
250	0.1245	72.48583866	91.07587156	93.9136341	69.50610725	101.6019804	29.65070019	61.81163281	81.84932084	68.83533921
251	0.125	96.458652	64.03875945	16.81502233	72.53766928	96.96786859	23.72400514	37.54319548	34.77333028	104.7499891
252	0.1255	35.40960553	65.65408759	11.92149921	36.11595346	72.58507932	107.3583882	49.7078868	26.34335168	102.3556121
253	0.126	30.05529229	85.42356912	13.51488033	58.84843581	93.61802623	60.31622616	98.65833272	17.52283125	64.20509959
254	0.1265	16.69860825	94.20350177	12.303462	82.19170245	51.53496736	79.27577939	96.31401183	66.60343983	46.95318872
255	0.127	54.63803064	86.38378767	64.19050796	28.40380971	42.00493655	68.8979605	89.65323617	18.79601869	81.78949131
256	0.1275	36.45798975	74.83469843	78.2299704	34.03997459	104.9605806	47.74088508	36.50919336	55.90488226	93.23916861
257	0.128	72.98892643	99.95615668	52.86379263	92.48559073	15.63379243	106.1927832	95.49495568	60.18175321	103.6462374
258	0.1285	94.85343176	99.57830833	28.53657367	95.8511093	16.80315249	15.2370833	81.45326084	96.90660849	25.73959906
259	0.129	84.00923459	23.84203761	89.86789587	89.14935961	42.67007273	50.88225333	50.10244518	26.1531897	58.17911404
260	0.1295	68.01649724	46.47268903	31.534607	99.22281804	49.21772125	71.82862343	45.24497864	81.45245161	87.44278781
261	0.13	68.99152918	45.36759312	14.53035157	69.62201821	101.9104494	51.73697589	70.35441071	66.22535928	61.38559269
262	0.1305	29.6305768	27.09740345	86.77132389	11.15051473	54.55715413	29.83295383	32.30774043	66.9302653	77.50423511
263	0.131	52.90169867	22.48914803	38.34388449	109.5984435	81.19107696	101.8567802	72.24508142	43.36083396	87.51204662
264	0.1315	12.22764524	106.9690558	89.84496392	36.55325741	103.3315278	20.95742033	102.9453884	23.36478495	81.18348705
265	0.132	59.70187709	54.66670328	25.51196021	71.50257116	98.12853294	20.65665493	90.02006601	69.21875798	45.1901839
266	0.1325	20.56570386	59.50240775	17.41131038	59.26395312	39.10786427	49.97503382	16.55533643	51.86131903	21.57795504
267	0.133	50.05741273	61.33889863	23.49693143	101.1800149	61.65334512	82.88038148	25.90537055	96.05391913	20.42182935
268	0.1335	60.20494118	94.94100009	58.02522078	20.29556878	103.8599177	43.76405242	44.13836571	53.21900472	95.20025804
269	0.134	18.86368309	60.93790102	99.58955421	18.83318447	71.71793272	89.57040971	29.08830299	32.95541678	32.4708699
270	0.1345	78.74189533	23.37737131	68.01568758	49.74775252	66.59679269	52.09446617	11.09704845	50.22617196	44.12966455
271	0.135	38.67497227	103.3967166	89.60364508	17.69500708	60.0474841	37.07856771	76.65403356	40.10546367	50.17323253
272	0.1355	23.88854053	36.63613069	47.90256955	27.70936358	103.0423976	67.08033392	101.8155772	78.64812998	10.62089859
273	0.136	70.41256832	53.85463965	81.46073794	26.75854189	90.6916611	70.58365965	25.08465685	70.84269919	45.58941621
274	0.1365	61.42666948	94.31725248	96.50245351	105.5031903	87.20084523	55.59366266	72.72547194	56.03664664	81.88229637
275	0.137	68.57015539	98.90602054	88.56317134	56.64813262	59.31123136	28.44491209	70.51368811	82.10395045	38.92223925
276	0.1375	101.9816379	109.4161247	79.47556893	14.95203861	107.8961213	31.80179341	15.98167477	59.61949447	71.62498582
277	0.138	83.83645736	106.4416661	105.8814191	36.90903758	60.69762969	80.43729582	89.40993799	50.97782971	98.95268925
278	0.1385	55.44665518	64.18450496	38.66924	85.31209841	21.88846796	31.01118686	22.68731387	40.53287695	55.57353603
279	0.139	45.95256661	32.90627049	95.35679747	76.75524646	55.457143	43.46542262	39.53108276	20.64309618	37.58312739
280	0.1395	74.59496668	79.14831004	65.59592273	105.8379716	15.04469686	50.93235204	69.3186872	58.93258992	24.72891007
281	0.14	42.2584987	82.42798584	78.1139846	93.7570788	50.40514627	18.59868145	27.93409435	40.33899412	35.02651044
282	0.1405	90.38342411	76.99698144	76.08106053	75.29427733	105.3009969	36.30350003	90.95207713	60.28879467	15.81169135
283	0.141	38.39218966	15.33837571	30.9544314	62.28308403	31.38216556	68.72667297	33.97034226	22.83315456	101.4285518
284	0.1415	51.03839154	86.89700811	45.71192159	48.62142378	90.51949654	108.8668753	51.50169783	53.73625976	56.76738906
285	0.142	101.5055216	83.39921197	47.52795239	76.92685908	62.95898331	21.73171908	89.64900058	99.88737601	88.6034117
286	0.1425	95.4465793	106.6869061	57.42153609	17.04055495	101.6069637	81.2827428	19.48405754	91.88240696	18.97731283
287	0.143	60.90845387	53.09161228	26.00793719	56.57184138	86.08849718	108.9013253	108.4021276	53.96641048	105.5166345
288	0.1435	107.4051833	99.39942189	24.2479628	30.0110427	44.76005785	83.35050776	68.32718585	26.37721247	84.88084089
289	0.144	66.36993361	82.12200068	62.37387383	58.12842669	41.10091457	38.21084487	103.4105711	12.73563903	16.2841679
290	0.1445	25.53476778	107.0220848	34.41951273	39.68966982	103.3180579	10.8505171	107.7552762	78.99179213	68.11176994
291	0.145	50.30896088	31.02707935	57.48738937	23.86043321	18.66683897	17.93135504	23.90713484	33.39902406	28.1911124
292	0.1455	98.32246825	91.8353364	56.60062299	15.17921475	67.63528056	41.47125933	38.11214838	83.32718391	67.28787187
293	0.146	47.43352921	54.26719332	28.80540381	35.19557638	49.80487822	15.42640337	18.61004374	94.64115459	107.8450391
294	0.1465	38.55039671	83.96929128	72.4775597	101.9962725	61.91926262	52.26355399	12.57509281	76.59836766	54.63229592
295	0.147	47.90730869	89.830262	93.01722757	50.87981304	33.11478247	44.14806297	27.66117555	75.30505556	101.3426881
296	0.1475	104.1480858	108.2731331	70.63155073	16.07262595	93.45226753	71.5561896	72.62927229	52.74128037	55.30699054
297	0.148	36.62727614	17.95961892	32.73515528	65.96539638	15.89059466	102.9368676	45.2610226	94.32975801	56.75557618
298	0.1485	109.0778377	14.92302531	58.33589348	65.596181	74.68012676	100.6238529	92.02291265	51.74860923	14.7944843
299	0.149	87.60495283	40.62149404	38.44024516	35.06315168	42.58117975	74.08226902	30.33668823	95.38202966	79.8907955
300	0.1495	40.21451649	42.67543568	53.83982995	29.90783029	98.64476658	41.63370775	41.15926478	105.7949754	57.37370356
301	0.15	58.72976263	20.85627804	72.37968829	32.58133551	12.4886994	25.05084226	47.05798942	50.11604915	14.82496382
302	0.1505	71.68750638	16.76749101	107.5257197	10.25902803	81.45189293	72.76855888	94.47046175	76.23491085	35.59296216
303	0.151	107.6025648	100.3968426	93.98269018	37.86401304	97.95341475	27.35533591	32.79456309	43.88917162	67.02741645
304	0.1515	109.5237255	59.53350266	29.55854195	38.17805358	65.90582818	54.4802794	63.58633568	19.53515712	88.6298218
305	0.152	75.17620915	38.21054858	60.05044481	76.07608156	49.99438363	56.79043151	104.6866876	62.25190238	85.76595421
306	0.1525	100.9739925	92.47384746	47.91746927	41.99309473	98.44403092	29.28056886	38.37030333	108.7347205	23.88270467
307	0.153	49.42535916	105.6242186	13.98172025	23.97063679	101.6985453	12.22274372	104.5425535	88.62932283	40.54092822
308	0.1535	61.11272761	52.09694562	38.2935983	46.58979563	19.13436143	25.56310246	107.5030963	96.97610949	18.70013678
309	0.154	108.1227801	76.8812831	79.70427779	93.16156418	105.6480112	67.07333589	24.66789161	28.96382048	87.22537667
310	0.1545	14.35673583	23.56426654	11.50053971	108.8140272	43.77959815	56.85782032	48.6476663	90.82377424	99.65392976
311	0.155	108.8925957	35.60855513	13.04303749	109.8381338	44.70385718	52.13163147	66.58634774	60.41894978	24.39042736
312	0.1555	20.96482879	73.77617482	12.11658682	91.88506828	28.66447718	16.69143711	25.17007885	36.53726413	80.92803093
313	0.156	57.68286573	61.63848644	17.4141566	39.83466068	65.51151373	45.76666153	10.90982587	100.0837089	16.20271579
314	0.1565	79.97950478	64.88257955	85.19176225	15.66847992	11.37222616	12.72610952	17.87945919	63.46772629	36.79144051
315	0.157	52.6798749	72.11962334	92.00112031	55.82875302	108.3486437	65.17526631	39.95964829	37.10638804	76.88085505
316	0.1575	89.565991	17.05046577	82.82979002	11.00997082	17.70216891	23.6650553	46.02742822	25.75149214	47.43783695
317	0.158	53.13510064	23.73986945	95.94023662	26.22256597	80.03154256	65.6745737	99.77148165	19.87390448	57.8137554
318	0.1585	69.42327781	102.8299198	85.80222817	58.13106727	95.54463055	45.20313791	28.29948662	107.545888	62.30033274
319	0.159	75.53935117	103.3584575	67.98381903	86.93787678	107.2747037	19.75892944	84.3435275	20.58941399	12.65915986
320	0.1595	75.98561621	99.50519841	96.46940752	56.13801811	33.00283656	26.51656423	108.6509636	107.4382725	87.64858561
321	0.16	83.73189512	86.48997922	28.17734759	84.74494772	16.68797777	100.2905858	72.08993272	105.4586933	50.92833199
322	0.1605	36.35240206	107.6612507	36.67624039	16.7744013	16.79030656	39.97241151	52.86325842	70.6835707	64.38927855
323	0.161	24.84430354	109.5102744	35.85767735	84.54430435	93.27091507	101.0887668	28.62650397	24.36850858	15.56215308
324	0.1615	108.2151018	25.62998531	49.52950933	69.10376507	79.50461041	37.13235104	79.25489722	25.40526951	36.83174856
325	0.162	108.0113787	27.72330933	96.11663021	11.01704065	47.46835827	95.51722079	97.28394314	25.46008747	36.31721243
326	0.1625	103.7951322	26.13628076	94.24586983	94.92353904	107.5783199	66.65667752	44.97158281	67.4486869	53.18180328
327	0.163	100.7223979	103.0444265	21.93099253	23.35146117	68.51001894	47.58134325	12.84784169	31.38082718	35.20645236
328	0.1635	38.56234802	93.58562151	74.18905708	69.40662722	77.29687797	101.3969283	38.29338302	19.00213405	32.9726572
329	0.164	69.54232911	85.53432894	39.14080672	67.61062573	12.47389273	27.07645386	29.22045609	12.45092606	102.8135147
330	0.1645	16.306448	93.28111433	63.59378275	57.57657446	45.01454023	83.45374791	51.20723077	31.55297226	44.99862999
331	0.165	32.66756283	105.5519566	89.35870428	41.64621793	30.58089729	86.0239269	102.0376224	48.68060281	30.84516918
332	0.1655	104.715965	86.07580725	11.96399381	53.76978893	85.10929788	16.43283211	109.4863	66.58528647	47.94055891
333	0.166	45.29629073	15.90395673	37.04131432	48.28098065	29.1426396	33.91517219	102.4888644	29.12828106	48.50197222
334	0.1665	49.44892357	49.77901583	98.71422839	63.95797798	53.62515032	50.90431256	100.639516	16.16337449	83.728837
335	0.167	57.89297493	23.67281688	59.65277524	80.12505206	91.65001723	12.09887299	27.20663624	67.71214019	70.09916411
336	0.1675	75.84835351	56.52523388	82.39323313	97.94859353	60.10717534	11.39173885	27.49093953	59.18674887	72.65804376
337	0.168	41.35546008	58.49051472	28.66133945	100.7684229	88.10346938	35.71897801	99.33775057	53.98257089	22.67570393
338	0.1685	24.56160353	89.2279507	80.22650651	92.53795986	41.85785286	63.66952815	86.33590225	99.01921808	13.56577731
339	0.169	56.92599725	104.5678552	31.78170525	109.685232	54.61677	54.11923457	23.71036208	28.6808941	42.85092252
340	0.1695	66.10309703	90.68838231	67.32756938	77.99869996	21.22073078	99.17719574	36.09319942	14.88343562	19.4434042
341	0.17	32.23234296	99.9855645	95.24749229	91.45491631	54.20108074	75.06392033	17.74596642	102.1718984	108.0650198
342	0.1705	54.10442861	19.17565212	76.65575036	12.18701388	105.2684621	104.6722981	75.82827562	15.43945371	63.52563069
343	0.171	14.67620967	104.0932501	27.65852925	99.88041455	63.99920811	45.57431147	33.97011941	67.04923958	74.11089786
344	0.1715	28.67522151	94.03660384	101.0842021	99.6753499	24.71621386	23.0881605	87.98233453	39.93917321	67.50995356
345	0.172	43.9594834	34.80031411	53.56476281	45.8164427	10.02371939	71.54728111	31.77011988	102.1862646	26.66058888
346	0.1725	21.50130948	52.40798184	27.56146985	106.8811847	52.73757616	81.0402909	36.12203783	73.33669723	19.32775819
347	0.173	109.1115882	79.32309372	105.6054033	18.70953088	29.58454725	57.85112144	36.5348928	18.89836722	15.63717936
348	0.1735	44.30018784	49.67428426	72.13698512	107.5895196	92.41030698	37.47065334	58.72448055	90.85579142	59.19113592
349	0.174	87.35483112	59.38115828	64.41578032	107.4157794	71.00479731	14.36827886	13.40979918	87.08209166	75.36644197
350	0.1745	23.23961371	52.91652366	19.10130137	31.16583593	23.76639878	49.30932371	16.48051194	22.40373116	108.093401
351	0.175	69.72990205	46.73881454	54.70563758	95.71423447	109.4056392	34.9157106	61.20624764	107.3014849	16.49706697
352	0.1755	62.04483614	56.50234292	43.24011649	55.00648751	63.27556717	73.80919463	41.6356976	41.68979505	24.57355835
353	0.176	53.03585675	35.2983605	75.40058814	88.99499865	79.03715725	20.3204824	105.5979604	38.14992637	95.76277816
354	0.1765	103.8935153	50.30876659	45.997884	72.79695108	21.80952009	45.99249348	53.63995611	85.19645243	10.96052119
355	0.177	82.8613934	96.40875664	108.5311485	12.52418144	79.92623065	81.48698911	82.6029375	81.25648305	41.53133545
356	0.1775	77.96506281	108.7498937	107.0697635	50.8606579	73.50550918	28.23912772	13.09132086	57.34530547	57.3648266
357	0.178	69.26443784	45.61409461	57.85240827	47.00777249	74.26188291	40.87205588	35.28787806	101.2456744	107.1277394
358	0.1785	62.53438884	82.83122829	84.17419769	51.89525111	88.55460678	58.59895734	73.32827466	58.27563832	86.45853929
359	0.179	23.89587188	92.80432317	69.22758633	77.40531113	21.91185874	26.14197726	34.51070236	81.22132155	82.6641172
360	0.1795	42.2912797	105.9870251	19.94957469	76.85095576	54.54095233	92.68586078	10.40739156	50.38561801	31.9667586
361	0.18	28.67777757	35.17628631	25.81400757	108.8659812	83.26118481	26.94697443	64.45373925	67.7859859	14.7198774
362	0.1805	10.51715493	29.01707473	33.09392462	88.64492187	83.85325576	44.30455584	39.22587819	59.11068389	57.43423871
363	0.181	26.21334754	33.77972259	95.17920223	100.2419386	24.85451467	91.852296	42.67932094	76.53355835	84.33876332
364	0.1815	89.75949299	106.5248949	87.79060913	108.8816975	47.11111155	15.73457072	89.57307095	101.3025711	11.28795149
365	0.182	35.52245962	57.85072677	97.92286328	46.44095657	14.28671418	62.34943702	65.77358622	100.6096904	16.59020278
366	0.1825	69.01628974	100.7664219	74.97972164	36.40162763	80.24470282	47.19112527	55.00659301	35.54309423	106.7623481
367	0.183	19.63832243	89.18217194	37.69126843	76.75054024	41.17114588	85.61309365	46.34937738	37.18497929	22.42418887
368	0.1835	12.38448285	42.96669833	36.01621662	23.30521533	28.68434547	90.81083938	72.60557241	68.69118376	65.52775853
369	0.184	49.8439017	31.75894128	27.43053947	32.16522612	17.30794263	14.73905901	85.74869092	69.20276751	31.60967581
370	0.1845	18.41672505	85.10947835	71.26897479	53.96964973	15.52541844	74.96178353	105.6672409	64.02943405	36.11585162
371	0.185	58.45756084	11.33168023	86.33466219	21.83869897	97.4695975	32.54425378	51.20044597	81.41916763	85.88778403
372	0.1855	43.17090079	81.27287833	103.1266814	88.02780428	71.72463405	40.60442431	18.87307601	76.36298305	36.8871037
373	0.186	34.15913673	86.34284926	70.8178895	98.85976287	48.77321994	97.39132726	59.01473689	106.5633416	90.61153752
374	0.1865	83.40013192	50.16659451	109.1005721	59.36490086	100.664266	28.76050739	36.83564931	81.5189457	59.7826056
375	0.187	78.27499199	85.89299144	93.46779961	10.87466026	68.54264301	10.18930277	78.05311282	90.7517268	62.05496621
376	0.1875	35.94677145	103.2379039	52.79918713	86.26606393	26.68791099	47.93927231	83.2530913	79.5578358	70.82255432
377	0.188	105.8342401	41.30734756	20.61072797	22.76671382	65.9565597	70.74831625	106.3075718	80.9961266	70.34288695
378	0.1885	72.16289745	12.72918946	29.66991804	76.4735792	36.31781675	71.56677375	21.78908143	66.16558517	50.0386748
379	0.189	75.12680527	39.0403801	73.86485416	13.90505219	39.21564354	12.58727087	20.431224	32.25250889	86.03037989
380	0.1895	104.9461651	20.03671257	77.50763898	109.8928115	106.6565864	97.14543687	15.13280996	16.00487214	74.71405256
381	0.19	59.51154351	47.98096579	87.1007316	11.46772006	31.73206496	24.01500429	68.04719278	69.67673742	40.48636378
382	0.1905	78.68670112	42.04746258	40.36799054	35.95399809	58.45413127	84.07044456	71.82605428	67.46779087	96.53832293
383	0.191	62.98873542	82.17211619	91.35862716	27.4525846	67.21946958	52.69862086	80.98550088	51.39779175	49.68944215
384	0.1915	73.5385365	66.64463095	37.6193282	72.13920578	38.8831512	86.60634294	92.67020467	81.73686496	12.09691576
385	0.192	78.50881944	88.11431149	82.05682036	49.07812086	56.30933938	34.03284463	36.32483802	103.9214274	55.41571456
386	0.1925	60.50705337	47.40975734	50.38098318	109.006987	81.11316903	55.12878885	66.49808198	92.43203066	87.83752977
387	0.193	21.66883682	13.01979519	13.24597443	71.72713439	13.23931907	60.79364652	104.9985497	24.46749828	29.6670535
388	0.1935	94.19341115	48.43502022	78.48825986	75.24211655	42.20380297	64.62180308	93.73144343	105.9285823	74.50840339
389	0.194	106.7346442	19.28886112	101.5785247	12.14540669	56.39665618	84.52317935	59.88624072	44.81954625	103.4836129
390	0.1945	42.37855163	55.85752538	106.9660223	49.06452867	107.5506574	51.90286685	95.46884254	18.70181377	34.87767445
391	0.195	10.68503197	72.24014723	103.2334202	107.8423316	80.96528612	105.8763142	68.5643635	89.27165717	108.73567
392	0.1955	59.2925935	104.9875009	101.2407277	67.73688106	89.49348667	69.91144668	98.53773548	103.0894342	93.31483751
393	0.196	101.2760142	94.7705285	78.54703022	90.63862587	96.42923763	24.67337111	87.36849148	107.9552592	108.54509
394	0.1965	13.13969094	30.31722189	84.58417577	92.13930541	106.5761161	51.6339717	40.24438134	92.23891589	24.1766535
395	0.197	95.70707845	12.68625972	78.32966497	109.7098481	85.05906424	34.95392437	74.01928806	55.82393777	87.92543726
396	0.1975	47.99046316	78.00837322	100.2167234	96.8456428	71.99208409	73.1242692	103.4431295	90.19906574	18.75787609
397	0.198	97.01602015	54.12713796	60.05046529	64.70974419	57.01431104	57.87107576	75.84978006	20.9340739	96.02766827
398	0.1985	97.1704528	52.44781857	27.91854364	68.55977588	33.25607895	89.83889173	23.03995866	84.30324468	105.1731371
399	0.199	48.38501743	84.44687193	93.34884973	16.84873925	93.8842979	91.92368673	34.95300159	18.53630629	54.86853045
400	0.1995	108.8041761	92.6426386	73.8545268	16.45965486	96.01695592	11.72751607	26.59549898	52.31208639	91.06624976
401	0.2	63.62300041	105.062199	85.04813673	49.60221259	103.7638236	42.69368705	104.0409551	20.21275329	90.48800825
402	0.2005	54.18804164	14.22521157	23.01984504	25.49052561	94.69632087	36.29135472	67.23413867	39.41800151	94.47441081
403	0.201	67.07077198	78.03107392	62.14438397	41.9429443	99.40878993	102.5689903	15.72307845	106.3599133	68.2287578
404	0.2015	15.62874976	96.57678006	46.42538243	42.16277398	98.09146669	94.65106856	79.06140087	55.71690272	18.96983786
405	0.202	17.01140426	12.1016286	70.92226645	58.67386565	103.1484557	25.60244584	63.98397249	15.70719135	24.83399197
406	0.2025	15.51305027	63.35471005	33.2900679	30.63973107	76.09783604	96.92772173	92.50873042	17.24309943	79.46924706
407	0.203	89.95588793	91.36750825	42.04049621	93.75243876	38.4105447	52.50762776	70.13537674	42.30392617	84.22085943
408	0.2035	25.91495239	25.61128762	88.72860257	30.82880787	87.19066139	98.64144672	107.2324758	74.33649262	99.03783875
409	0.204	41.21112229	35.22412432	108.8794311	65.68229584	36.77010712	51.80236304	101.9925848	11.45819179	89.88138738
410	0.2045	58.83646028	69.3643124	31.05728908	56.06518682	29.92798541	31.18806543	96.65333537	76.06458223	54.03887284
411	0.205	83.46640258	22.05232092	90.70096882	21.6805204	62.98390368	22.2754546	85.16329546	93.06517262	42.25188673
412	0.2055	66.95601325	65.89366465	60.02111477	77.02967693	26.4856024	31.04750117	90.07812734	52.95072963	33.28950252
413	0.206	77.04140864	108.2462648	63.09856086	39.87834691	64.08810005	91.64484802	15.45959345	99.45209703	22.91294389
414	0.2065	71.11629707	69.87591798	81.05417202	20.09156503	26.90318896	59.47403464	80.45944773	105.9360315	27.17261721
415	0.207	49.98251358	37.12351711	23.69427859	12.8528211	97.71497746	31.62966796	90.23964021	47.34719181	14.37522088
416	0.2075	97.11038509	105.3876114	15.99615209	19.94456977	55.91268119	47.66439879	13.00843199	95.58179064	93.3882968
417	0.208	45.95624901	10.70195357	26.45317943	93.20658883	10.04922146	68.00361752	103.4322804	107.9988929	76.24276868
418	0.2085	15.34498252	97.36515128	56.03948316	57.52121636	40.61748737	85.63251221	103.6792665	75.63409916	40.06281024
419	0.209	108.9449847	96.9592105	57.90348249	80.24192794	96.46039202	61.91352916	83.17952618	86.69238317	81.98046436
420	0.2095	57.45889927	103.7463536	79.07056534	63.93535235	45.07627978	61.76486806	26.35444782	60.15446594	65.22589682
421	0.21	26.07275281	21.75263687	82.64811057	37.57992261	71.13363892	103.1215598	101.4276096	51.04561459	74.11309983
422	0.2105	50.84413742	35.94834187	52.21865801	95.09702517	51.86997534	44.54188375	76.91348878	84.11487911	61.82608727
423	0.211	79.33421983	43.34297216	84.39927626	67.86732936	73.92776067	98.20362651	15.45878231	31.11155524	55.03441243
424	0.2115	99.81905217	16.28751645	28.31405491	47.68018447	94.79353988	58.95936513	109.9661717	85.46887889	39.43910881
425	0.212	95.04067645	58.42145614	109.4795342	86.70223933	34.18888484	34.93782496	95.86517658	26.5940507	64.92994149
426	0.2125	79.92318391	79.04747973	77.96114005	46.31457193	64.50189163	15.47845765	60.50722558	94.44162017	63.68328871
427	0.213	108.0445165	25.07899533	62.32302766	26.84186032	87.41740992	50.92191686	88.63584919	16.09987926	23.75108352
428	0.2135	15.65113945	56.20517812	86.42716921	41.2294555	10.22988176	106.4766604	94.25265576	33.49441831	79.85617253
429	0.214	34.36831775	91.32614966	85.91107127	22.29683537	105.8943847	108.3725411	31.30520214	74.23916814	92.73811737
430	0.2145	87.38687141	87.37685198	104.3728541	16.29260948	105.605625	50.56660015	98.77366194	31.98596429	87.91457719
431	0.215	60.43663544	29.62550515	81.25138735	60.88366758	42.91684254	105.0660454	24.49915163	55.59910131	89.9578857
432	0.2155	46.91724105	101.0335859	55.62819269	91.49532805	60.20172811	57.94507793	95.75953821	52.05368594	24.33105846
433	0.216	53.01856608	100.9494935	91.86592254	16.80857215	70.4219306	64.19017303	108.1095336	36.92600004	48.08942685
434	0.2165	101.9135938	62.89125064	78.20777059	40.36230371	80.94536269	80.05311148	48.92415692	35.06570161	33.34930753
435	0.217	29.60552666	67.72853422	39.47943059	90.84510285	25.33532985	101.2752408	44.8750069	58.57460564	51.66071791
436	0.2175	98.2893625	10.13509366	22.80230853	72.88266908	17.03052097	45.35047779	100.8610047	70.91362405	37.60508055
437	0.218	63.86465518	90.35958647	36.96778874	42.66549893	16.63791802	57.63587661	107.9296715	100.3280119	78.81553096
438	0.2185	109.1135357	46.74514987	78.21524422	24.40372059	28.30259076	52.96547879	51.38155173	78.70190329	81.62166329
439	0.219	29.12741863	100.8732157	39.91716433	27.57366769	104.7634116	100.7648635	50.48129766	56.00152876	66.54342813
440	0.2195	87.20489862	63.63061181	102.3766963	103.9685414	13.11318483	59.02719105	84.41648973	43.95544941	27.71214166
441	0.22	55.78501784	92.47410298	63.22936135	80.16662863	68.62138919	33.03931535	101.2152008	22.40215514	59.70323924
442	0.2205	49.54412708	101.6070799	43.70349742	17.31967679	10.03456177	95.64395672	85.06659783	75.23971622	73.16323248
443	0.221	97.24208555	102.1301079	30.0514057	46.50142852	57.38724933	78.02448349	104.4800336	60.42123931	84.22476795
444	0.2215	66.9255046	62.30811922	25.58644493	59.01659363	51.15183097	31.80946737	15.94256694	81.60351967	107.3749375
445	0.222	96.40321779	48.6569053	107.8809197	81.9149087	102.8254359	94.87616962	53.10687215	105.6267094	31.40839611
446	0.2225	76.698662	97.48357609	25.46926336	74.3974214	106.7798903	33.1516287	28.00632792	48.20500815	99.69267021
447	0.223	22.04147234	29.84944963	30.6983672	73.64126583	77.82291818	59.76514882	84.14485855	46.95253256	11.14142326
448	0.2235	49.93066415	58.80083049	95.16415664	105.8157674	44.99044437	73.17795728	76.71092998	106.5544015	75.18984893
449	0.224	42.58997126	18.10111847	25.47900106	98.77524204	23.12755794	78.03433804	97.98442668	31.27618946	39.09222686
450	0.2245	104.6649265	23.22775589	77.30511368	79.2557477	64.13493317	53.34018485	82.38119266	30.12349351	90.14193147
451	0.225	33.31492144	70.38660427	36.48839294	14.1893209	71.701849	99.14484096	84.10933802	27.52920201	75.32671968
452	0.2255	106.9862424	71.01860494	102.3048759	44.26944594	68.68329779	62.45032448	96.18854102	68.82423682	71.55593513
453	0.226	53.38181592	28.9807912	106.9764126	43.13368466	67.32262811	39.5019693	105.2055837	42.33889604	45.97423267
454	0.2265	63.39480156	79.05904421	86.04367497	82.84939775	13.34991871	81.67883575	24.17607636	54.92898796	93.87198198
455	0.227	98.01148146	90.94023733	18.71598803	104.2823252	58.99764917	48.11745973	96.78213234	53.5535687	16.02921912
456	0.2275	106.3816357	17.88767343	34.39251195	45.36150044	50.58830976	60.12830095	13.18469563	26.68270481	101.2977978
457	0.228	61.15207218	72.98210228	24.41025993	50.71030408	86.79144355	56.68704538	25.36663769	81.89186374	37.01931264
458	0.2285	50.27275237	57.00208626	72.67370214	57.54584378	23.13858007	61.60778913	73.98745513	89.54359611	103.7113892
459	0.229	17.96850067	87.46763405	39.26358169	12.90383668	99.15014276	48.38954934	84.59003291	61.09590029	23.79231509
460	0.2295	91.81422502	108.4362661	28.74488907	27.79396696	109.7655759	70.48779141	98.71360791	69.71023701	57.64218473
461	0.23	31.9884277	44.62055921	45.67084516	12.39527327	24.82367332	32.47808481	43.6477293	52.94082331	51.11769988
462	0.2305	81.29894882	109.2477941	49.29425799	38.53744976	33.40189349	19.68347189	16.67352046	109.833643	107.7910214
463	0.231	68.20387028	26.66173315	58.08129775	41.278822	105.4697942	47.48406506	83.69163973	74.4458566	60.99521643
464	0.2315	47.73536911	10.89296825	87.86992552	50.23267253	83.44898032	10.5345848	55.73751544	51.02236658	80.91245434
465	0.232	14.97861297	34.50006537	106.3823762	68.17757021	88.72819195	60.18597969	69.56129881	93.90169353	35.84242519
466	0.2325	17.13103245	43.16686058	65.7698276	71.93545061	69.60979689	68.53846648	15.94072241	40.83659453	106.2641472
467	0.233	11.73531461	31.42261559	41.89667165	97.09571798	46.34431472	46.78433629	61.46388712	94.74136234	21.39562314
468	0.2335	80.94499217	75.8545681	54.33856653	17.79550479	29.784514	11.2882453	12.66213881	45.44673038	21.60965108
469	0.234	47.60850978	10.27301523	44.43333009	57.17646045	55.48826821	33.70758934	45.02672558	25.8234156	100.7622033
470	0.2345	49.14432017	105.4240067	54.76915428	42.88429803	24.09711997	41.22705352	106.8082597	77.0336024	38.70683155
471	0.235	28.72902235	89.02374592	18.46404408	18.490944	65.61463314	50.91972459	53.63042697	72.63665215	12.59738719
472	0.2355	48.04562768	64.39924952	70.51993459	98.92630203	72.33611433	105.7282593	71.06012629	54.90851125	88.47960408
473	0.236	86.66920182	33.88428055	22.20916879	13.48680446	11.09887692	31.4693585	78.93192873	25.09420251	98.88291927
474	0.2365	35.20664836	10.0616227	54.33195357	97.71300966	64.42541713	85.89938922	10.9700476	69.48183638	44.38436427
475	0.237	91.89031663	48.08291988	27.00912737	87.8561006	49.84444373	20.85815472	59.78101637	103.3522005	16.0488178
476	0.2375	38.2264346	36.9701696	55.30418545	93.95821535	97.28831408	101.2352037	88.52099551	86.19077384	52.28910022
477	0.238	106.8085812	10.22072738	34.57972249	79.91091848	34.12892012	84.66864673	102.3884303	94.73851419	35.87142043
478	0.2385	81.23349625	57.68559512	41.69006778	100.6277305	73.24735587	109.9105017	24.99402231	68.49850357	77.38644064
479	0.239	38.2134656	108.7304611	31.44159674	75.343258	31.39212877	47.67255898	87.03859573	91.97990094	47.65957475
480	0.2395	37.70246533	58.07200202	43.0919756	102.2748326	71.65477268	106.6405839	59.61175531	85.53123186	83.52826308
481	0.24	45.58094791	16.25145914	42.53500505	34.26342534	104.1180014	63.73653507	13.39458042	85.15536447	19.22142967
482	0.2405	11.52324794	23.46355521	46.44208392	105.2492872	31.53506533	14.43886743	20.4557646	27.61838815	14.88115841
483	0.241	51.84379413	88.32584407	61.38100825	43.96712747	25.55138394	103.4577128	85.73713902	89.62381383	94.77507037
484	0.2415	72.80814644	59.56278291	38.63390429	12.22875049	73.32813939	24.37260537	89.0286383	102.966099	27.05763591
485	0.242	55.60295612	105.2473661	23.57422813	78.51321087	40.34881324	27.47027975	107.4325737	48.28766134	33.51327061
486	0.2425	44.7223969	103.6339622	60.45036606	91.06984772	53.69348415	60.72885641	107.4624709	51.11078632	22.9885631
487	0.243	77.83703614	61.74247086	32.47987308	104.6928334	101.4459409	47.54022788	47.95179655	57.51787164	47.63676401
488	0.2435	27.06499922	21.36793039	74.9983394	39.210541	17.8492205	29.28428449	86.36588113	25.82933257	97.7763399
489	0.244	46.24587175	17.35401144	107.0200053	13.98064475	13.25436616	100.8397464	18.59236338	45.16404673	54.06159827
490	0.2445	53.02340522	90.93258648	17.18338716	17.11094564	28.31507396	46.8741897	57.75337023	72.60776137	73.02496456
491	0.245	92.71093763	82.20424495	17.08619438	22.24604771	40.10658031	93.80251408	65.47751809	95.14563889	106.3421601
492	0.2455	39.68918457	77.52653437	13.92535233	107.768308	64.13172119	11.69072465	73.91434789	56.88869273	22.96851491
493	0.246	87.09843772	18.58857379	16.75633679	51.193976	91.92638476	95.30706232	65.86340336	17.64406509	54.91243773
494	0.2465	99.69110028	72.24012321	33.17988768	55.49664884	91.18011363	58.71115993	103.6400765	48.54408196	43.29733626
495	0.247	88.49608809	106.3741266	97.21483254	18.12897187	102.4992006	81.13552316	23.7363238	82.30600735	25.92927958
496	0.2475	24.64155244	36.75715803	51.36237791	97.76753063	50.99996119	66.75632846	46.10617046	66.55961337	88.09097374
497	0.248	46.99819932	72.80225312	71.57624311	71.25085208	61.31653513	75.61991839	37.22492354	16.95880827	100.1659727
498	0.2485	14.60686136	31.93481932	95.5137658	13.87108416	84.08040376	68.09388476	39.95295603	97.88310405	56.65752066
499	0.249	82.75412833	21.1215788	18.85381601	79.2673178	77.3301091	93.79509966	105.412645	53.32561613	77.48261767
500	0.2495	86.64868411	67.219136	21.12354854	76.57184291	20.47148178	109.3430338	15.70031057	40.73851915	78.47385087
501	0.25	94.64048199	35.49088715	67.94983308	64.05207238	24.36263342	12.86499194	79.09028317	78.01196448	99.41321995
502	0.2505	45.76107404	49.99486945	86.95364891	43.10450968	99.78716739	101.4041928	90.22664561	38.09997288	66.66165436
503	0.251	68.38944318	50.42043415	104.5005191	59.44536599	65.40825056	65.26602599	61.79793288	66.68039487	43.35537191
504	0.2515	108.5264637	102.2457805	90.94261932	27.06372902	62.17546575	14.78493178	18.90511032	109.3462237	10.69544566
505	0.252	45.11973404	25.36426643	88.75342198	66.65086645	35.83831737	36.58179057	45.01955606	13.95527512	91.55470692
506	0.2525	87.51796032	44.4716848	26.12796509	94.83926662	22.01375927	32.78458396	64.74730972	63.02258648	80.38231737
507	0.253	24.81555616	87.84107637	59.44680845	92.98898293	104.5270388	104.6107157	76.80518237	87.75808661	84.56571353
508	0.2535	11.28814448	69.27245247	96.62307502	34.93890503	65.74317213	92.70532993	56.61597711	43.99724198	105.4075274
509	0.254	58.12766538	67.91197417	85.99891602	63.40130629	53.79254493	54.15267947	73.9688313	108.0644361	93.31679252
510	0.2545	101.413282	86.5365885	62.01392583	21.72299706	55.48127467	66.59614341	42.04165446	48.52875784	52.16100627
511	0.255	23.62506661	94.12291183	74.78707517	96.95189432	43.68555819	74.40462312	26.15411255	44.28253867	98.05317894
512	0.2555	10.15727588	42.24783463	85.27240548	84.22647297	21.70588001	99.69837998	97.98900336	74.4099898	44.55428257
513	0.256	91.59508123	12.96700636	76.71724849	78.51899386	40.91104399	90.95613653	68.20350754	22.41747717	13.05922977
514	0.2565	22.11768085	98.9216555	105.7725937	21.79096285	28.29910274	82.07741785	52.28000787	15.41257951	19.83822008
515	0.257	80.01173427	50.42655352	12.82997607	26.15197748	24.52114316	42.17761798	72.48182916	35.58023323	66.77703573
516	0.2575	28.71271832	43.95500671	103.392663	86.70487816	98.58933367	21.55998899	43.84697843	53.16983395	46.14243327
517	0.258	66.06865124	32.27216681	45.89163731	88.46597682	17.91684336	34.62825824	93.81577873	29.15015427	58.95189107
518	0.2585	17.81278102	48.07452561	62.84018386	24.55321221	34.10743613	85.31378331	43.63710038	78.43571763	32.57126406
519	0.259	99.05263852	44.01946449	28.44492027	101.4217812	71.27599319	54.63499363	58.17727671	19.24943031	108.0463031
520	0.2595	68.60350879	63.33102312	73.08367378	35.05983712	42.51046129	82.8970338	102.5158877	78.74710173	101.3221001
										
